Effective_Vertical_Stress,Axial_Strain,Void_Ratio
0,0,0.656400000
12.5,0.500000000,0.648100000
25,1.080000000,0.638500000
50,1.640000000,0.629200000
100,2.360000000,0.617300000
200,3.290000000,0.601900000
400,4.500000000,0.581900000
800,5.720000000,0.561700000
12.5,4.690000000,0.578700000
800,5.720000000,0.561700000
