Effective_Vertical_Stress,Axial_Strain,Void_Ratio
0,0,0.7179
12.5,0.64,0.70690544
25,1.135,0.698401835
50,1.73,0.68818033
100,2.575,0.673664075
200,3.765,0.653221065
400,5.195,0.628655095
800,7.915,0.581928215
12.5,6.43,0.60743903
