Effective_Vertical_Stress,Axial_Strain,Void_Ratio
0,0,0.6131
12.5,0.72,0.60148568
25,0.96,0.59761424
50,1.405,0.590435945
100,2.195,0.577692455
200,3.31,0.55970639
400,4.98,0.53276762
800,7.445,0.493004705
1600,10.485,0.443966465
