Effective_Vertical_Stress,Axial_Strain,Void_Ratio
0,0,0.4481
12.5,0.735,0.444806465
25,0.99,0.44366381
50,1.455,0.441580145
100,2.05,0.43891395
200,3.01,0.43461219
400,4.625,0.427375375
800,7.37,0.41507503
12.5,7.03,0.41659857
