Effective_Vertical_Stress,Axial_Strain,Void_Ratio
0,0,0.6145
12.5,1.495,0.590363225
25,2.13,0.58011115
50,2.855,0.568406025
100,3.91,0.55137305
200,5.37,0.52780135
400,7.065,0.500435575
800,9.05,0.46838775
12.5,7.36,0.4956728
